Customer full name,Ship address
Ace Auto & Trailer Sales,645 North 400 East Huntington UT 84528
Akins Trailer Sales,640 Hwy 99E Harrisburg OR 97446
Bear Lake Trailer Sales,4377 S Cliffs Drive Pocatello ID 83204
California Custom Trailers,10391 E Stockton Blvd Elk Grove CA 95624
Century Equipment,4343 Century Drive Salt Lake City UT 84123
Christensen Auto,2765 So Hwy 89 Perry UT 84302
Churchill Equipment,5246 Jackrabbit Ln. Belgrade MT 59714
C&R Trailers,3155 US 93 S Kalispell MT 59901
Grizzly Trailers,305 West 100 South Rupert ID 83350
High Country Trailer Sales,90 Industrial Park Rd St. Anthony ID 83445
High Plains Trailers,4361 East 74th Ave Commerce City CO 80022
Inland Turf & Equipment,10303 W 1st St. La Grande OR 97850
K2 Trailers,350 North 800 East Genola UT 84655
Kaveman Trailers,679 S Best Business AveSuite 101 Kuna ID 83634
Kirshner Trailer Sales,11008 84th St NE Lake Stevens WA 98258
Laurel Trading Post,1210 E. Railroad St. Laurel MT 59044
MK Trailers,"MK Trailers20480 Main StreetCarey, ID 83320"
Mountain West Trailers,1470 U.S. Hwy 40 Heber City UT 84032
Quality Sales,5200 10th Ave. S. Great Falls MT 59405
Reeds Trailer Sales,5500A Old Redwood Hwy Petaluma CA 94954
Rimer's Trailer Sales,1463 S 270 E St. George UT 84790
Rocky Mountain Power Sports,511 5th St. Rock Springs WY 82901
Ship's Cycle,1375 Mountain City Hwy Elko NV 89801
"Stock Drive Trailer Sales, LLC",PO Box 790 Dillon MT 59725
Storey's Service Station,1310 E. 1st St. Cle Elum WA 98922
The Trailer Store,4570 W Winnemucca Blvd. Winnemucca NV 89445
Trailer Boss,7821 Martin Way E Olympia WA 98516
Valley Implement - Preston,213 N 800 W Preston ID 83263
Valley Implement - Logan,515 W 2500 N North Logan UT 84341
Valley Implement - Tremonton,9265 N 5200 W Tremonton UT 84337
Wasatch Trailer Sales - Layton,720 South Main St. Layton UT 84041
Wasatch Trailer Sales - Springville,"1180 S 2000 WSpringville, UT 84663"
Whitlock Motors,2825 Big Horn Ave Cody Wyoming 82414