Name,Address,City,State,Zip,Phone,lat,lng,types,website
Ace Auto & Trailer Sales,645 North 400 East,Huntington,UT,84528,(435) 687-9511,39.3338,-110.9575,,aceautoutah.com
Akins Trailer Sales,640 Hwy 99E,Harrisburg,OR,97446,(541) 995-4884,44.2741,-123.161,,akinstrailersales.com
Bear Lake Trailer Sales,4377 S Cliffs Dr,Pocatello,ID,83204,(208) 478-1327,42.8252,-112.4334,,bearlaketrailersales.com
California Custom Trailers - Elk Grove,10391 E Stockton Blvd,Elk Grove,CA,95624,(916) 714-2310,38.4069,-121.3698,,cal-custom.com
California Custom Trailers - Merced,487 S Hwy 59,Merced,CA,95340,(209) 580-4062,37.2885,-120.4764,,cal-custom.com
California Custom Trailers - Redding,1936 Twin View Blvd,Redding,CA,96003,(530) 275-7300,40.6292,-122.3571,,cal-custom.com
Century Equipment,4343 Century Dr,Salt Lake City,UT,84123,(801) 262-5761,40.6775,-111.9054,,centuryequipment.com
Christensen Auto,2765 So Hwy 89,Perry,UT,84302,(435) 734-2094,41.458,-112.0463,,edchristensenauto.com
Churchill Equipment,5246 Jackrabbit Ln. ,Belgrade,MT,59714,(406) 388-5758,45.7766,-111.1837,,churchillequipment.com
C&R Trailers,3155 US 93 S,Kalispell,MT,59901,(406) 885-3333,48.1632,-114.3168,,crtrl.com
Frontier Trailers,5013 Washburn Way,Klamath Falls,OR,97603,(541) 883-2003,42.1818,-121.7602,,frontier-trailersales.com
Grizzly Trailers,305 West 100 South,Rupert,ID,83350,(208) 678-2981,42.6175,-113.6744,,idahogrizzlytrailersales.com
High Country Trailer Sales,90 Industrial Park Rd,St. Anthony,ID,83445,(208) 450-2111,43.9571,-111.7051,,highcountrytrailersales.com
High Plains Trailers,4361 East 74th Ave,Commerce City,CO,80022,(720) 855-8462,39.8309,-104.9366,,highplainstrailers.com
Inland Turf & Equipment,10303 W 1st St. ,La Grande,OR,97850,(541) 963-4985,45.3283,-118.1065,,inlandturf.net
K2 Trailers,350 North 800 East,Genola,UT,84655,(801) 609-8570,40.0125,-111.8398,,k2-trailers.com
Kaveman Trailers,679 S Best Business Ave Suite 101,Kuna,ID,83634,(208) 204-4089,43.4842,-116.4116,,kavemantrailers.com
Kirshner Trailer Sales,11008 84th St NE,Lake Stevens,WA,98258,(360) 863-8888,47.9942,-122.0917,,everythingrv4u.com
Laurel Trading Post,1210 E. Railroad St.,Laurel,MT,59044,(406) 628-2536,45.6669,-108.7505,,laureltradingpost.com
MK Trailers,20480 Main Street,Carey,ID,83320,(208) 823-4630,43.3094,-113.6706,,mktrailers.com
Mountain West Trailers,1470 U.S. Hwy 40,Heber City,UT,84032,(435) 709-8862,40.4856,-111.4132,,mountainwesttrailer.com
Quality Sales,5200 10th Ave. S.,Great Falls,MT,59405,(406) 401-0090,47.4815,-111.2334,,qualitysales.us
Reeds Trailer Sales,5500A Old Redwood Hwy,Petaluma,CA,94954,(707) 792-9100,38.3095,-122.6841,,reedstrailers.com
Rimer's Trailer Sales,1463 S 270 E,St. George,UT,84790,(435) 673-3731,37.085,-113.5772,,onestoptrailers.com
Rocky Mountain Power Sports,511 5th St.,Rock Springs,WY,82901,(307) 382-9618,41.5833,-109.2205,,rmpsrocksprings.com
Ship's Cycle,1375 Mountain City Hwy,Elko,NV,89801,(775) 738-8933,40.8425,-115.7441,,shipscycle.com
Stock Drive Trailer Sales,PO Box 790,Dillon,MT,59725,(406) 949-6070,45.2152,-112.6288,,stockdrivemt.com
Storey's Service Station,1310 E. 1st St.,Cle Elum,WA,98922,(509) 674-5349,47.195,-120.9238,,storeysservicestation.com
The Trailer Store,4570 W Winnemucca Blvd.,Winemucca,NV,89445,(775) 623-1062,40.9725,-117.7681,,ttsnv.com
Trailer Boss - Olympia,7821 Martin Way E,Olympia,WA,98516,(833) 851-6029,47.0475,-122.8021,,trailerboss.com
Trailer Boss - Rochester,5732 Ivan Way SW,Rochester,WA,98579,(833) 851-6143,46.808,-123.0113,,trailerboss.com
Trailer Boss - Spokane,17124 E Sprague Ave,Spokane,WA,99016,(833) 851-6145,47.6644,-117.1764,,trailerboss.com
Trailer Boss - Pasco,1619 E Hillsboro St,Pasco,WA,98501,(833) 851-6144,46.2425,-119.0706,,trailerboss.com
Valley Implement - Preston,213 N 800 W,Preston,ID,83263,(208) 852-0430,42.1035,-111.8845,,valley-implement.com
Valley Implement - Logan,515 W 2500 N,North Logan,UT,84341,(435) 787-1586,41.7766,-111.8447,,valley-implement.com
Valley Implement - Tremonton,9265 N 5200 W,Tremonton,UT,84337,(435) 740-6150,41.7408,-112.2031,,valley-implement.com
Wasatch Trailer Sales - Layton,720 South Main St.,Layton,UT,84041,(801) 544-7575,41.0534,-111.9616,,wasatchtrailer.com
Wasatch Trailer Sales - Springville,1180 S 2000 W,Springville,UT,84663,(801) 528-1581,40.145,-111.6428,,wasatchtrailer.com
Whitlock Motors,2825 Big Horn Ave,Cody,WY,82414,(307) 587-5776,44.5244,-109.0275,,whitlockmotors.com